{"ninja_swipe": {"sorted_entries": [["You", 73.33333333333333], ["Bob", 65.79984397744063], ["Alice", 50.04563561318978], ["Charlie", 44.60555802977232], ["James", 43.48622709663617], ["Diana", 37.843760571178706]], "ranking_dict": {"You": 1, "Bob": 2, "Alice": 3, "Charlie": 4, "James": 5, "Diana": 6}}}