{"ninja_swipe": {"sorted_entries": [["You", 80.0], ["James", 73.3669410749653], ["Charlie", 53.56091108940621], ["Diana", 42.07241718074996], ["Alice", 19.80404881898543], ["Bob", 19.54937688950995]], "ranking_dict": {"You": 1, "James": 2, "Charlie": 3, "Diana": 4, "Alice": 5, "Bob": 6}}, "can_you_memorize": {"sorted_entries": [["James", 100.03621465496266], ["You", 100.0], ["Alice", 94.37929517220938], ["Bob", 90.38388397518375], ["Charlie", 84.444224844996], ["Diana", 62.16043425856283]], "ranking_dict": {"James": 1, "You": 2, "Alice": 3, "Bob": 4, "Charlie": 5, "Diana": 6}}}