{"ninja_swipe": {"sorted_entries": [["James", 80.0], ["Charlie", 73.3669410749653], ["Diana", 53.56091108940621], ["You", 42.07241718074996], ["Alice", 19.80404881898543], ["Bob", 19.54937688950995]], "ranking_dict": {"James": 1, "Charlie": 2, "Diana": 3, "You": 4, "Alice": 5, "Bob": 6}}, "can_you_memorize": {"sorted_entries": [["James", 100.03621465496266], ["Diana", 100.0], ["Alice", 94.37929517220938], ["You", 90.38388397518375], ["Charlie", 84.444224844996], ["Bob", 62.16043425856283]], "ranking_dict": {"James": 1, "Diana": 2, "Alice": 3, "You": 4, "Charlie": 5, "Bob": 6}}}
