{"ninja_swipe": {"sorted_entries": [["You", 73.33333333333333], ["Bob", 65.79984397744063], ["Alice", 50.04563561318978], ["Charlie", 44.60555802977232], ["James", 43.48622709663617], ["Diana", 37.843760571178706]], "ranking_dict": {"Charlie": 1, "Diana": 2, "James": 3, "Alice": 4, "Bob": 5, "You": 6}}, "can_you_memorize": {"sorted_entries": [["You", 150.0], ["James", 132.55910558625126], ["Diana", 116.27619562360353], ["Alice", 99.30367651857809], ["Charlie", 36.52428648720304], ["Bob", 36.43883472641027]], "ranking_dict": {"James": 1, "Alice": 2, "You": 3, "Diana": 4, "Charlie": 5, "Bob": 6}}}