{"ninja_swipe": {"sorted_entries": [["You", 73.33333333333333], ["James", 62.074188190262014], ["Bob", 58.60581556304659], ["Diana", 15.502687750822778], ["Charlie", 4.801768612513948], ["Alice", 4.149500868386289]], "ranking_dict": {"You": 1, "James": 2, "Bob": 3, "Diana": 4, "Charlie": 5, "Alice": 6}}, "can_you_memorize": {"sorted_entries": [["You", 150.0], ["James", 132.55910558625126], ["Diana", 116.27619562360353], ["Alice", 99.30367651857809], ["Charlie", 36.52428648720304], ["Bob", 36.43883472641027]], "ranking_dict": {"You": 1, "James": 2, "Diana": 3, "Alice": 4, "Charlie": 5, "Bob": 6}}}