{"You": 0, "Alice": -3.2334986355338917, "Diana": -8.118424359979453, "Charlie": -16.673289316313486, "Evan": -19.03432467444126, "Bob": -22.865717924484528}